name,link
"Atrium Exchange","https://www.eu-startups.com/directory/atrium-exchange/"
"Landing Now – AI Landing Page Generator","https://www.eu-startups.com/directory/landing-now-ai-landing-page-generator/"
"HUSPI","https://www.eu-startups.com/directory/huspi/"
"Quillminds","https://www.eu-startups.com/directory/quillminds/"
"GetQuiz","https://www.eu-startups.com/directory/getquiz/"
"OpportunAI","https://www.eu-startups.com/directory/opportunai/"
"TRIPSO.AI","https://www.eu-startups.com/directory/tripsoai/"
"Hopsa","https://www.eu-startups.com/directory/hopsa/"
"OpenAlternative","https://www.eu-startups.com/directory/openalternative/"
"SalesAgent Chat","https://www.eu-startups.com/directory/salesagent-chat/"
"GoJammin","https://www.eu-startups.com/directory/gojammin/"
"Strive Gym Log","https://www.eu-startups.com/directory/strive-gym-log/"
"lecishcha","https://www.eu-startups.com/directory/lecishcha/"
"Jobpopcorn","https://www.eu-startups.com/directory/jobpopcorn/"
"Volart City","https://www.eu-startups.com/directory/volart-city/"
"Stormy AI","https://www.eu-startups.com/directory/stormy-ai/"
"(no title)","https://www.eu-startups.com/directory/no-title/"
"animalhotels","https://www.eu-startups.com/directory/animalhotels/"
"UES","https://www.eu-startups.com/directory/ues/"
"Transfigure Technologies","https://www.eu-startups.com/directory/transfigure-technologies/"
"Quantum Charging","https://www.eu-startups.com/directory/quantum-charging/"
"pipl.ai","https://www.eu-startups.com/directory/piplai/"
"Bill In","https://www.eu-startups.com/directory/bill-in/"
"Heyrow","https://www.eu-startups.com/directory/heyrow/"
"SMARTBOB","https://www.eu-startups.com/directory/smartbob/"
"Bionwoven","https://www.eu-startups.com/directory/bionwoven/"
"Swayze","https://www.eu-startups.com/directory/swayze/"
"Plain","https://www.eu-startups.com/directory/plain/"
"Green-Powers-Forecast.com","https://www.eu-startups.com/directory/green-powers-forecast.com"
"CrewExpo","https://www.eu-startups.com/directory/crewexpo/"
"RideLife App","https://www.eu-startups.com/directory/ridelife-app/"
"Cittopia","https://www.eu-startups.com/directory/cittopia/"
"AI-HSEQ","https://www.eu-startups.com/directory/ai-hseq/"
"MyPetBack","https://www.eu-startups.com/directory/mypetback/"
"Postup Solutions","https://www.eu-startups.com/directory/postup-solutions/"
"Vitabloom","https://www.eu-startups.com/directory/vitabloom/"
"Persuaid","https://www.eu-startups.com/directory/persuaid/"
"PD MEDS","https://www.eu-startups.com/directory/pd-meds/"
"Autolayut","https://www.eu-startups.com/directory/autolayut/"
"WebTree","https://www.eu-startups.com/directory/webtree/"
"HeadSotlyAI","https://www.eu-startups.com/directory/headsotlyai/"
"Shellsea","https://www.eu-startups.com/directory/shellsea/"
"Tradefulness","https://www.eu-startups.com/directory/tradefulness/"
"semiQa","https://www.eu-startups.com/directory/semiqa/"
"WeavAir","https://www.eu-startups.com/directory/weavair/"
"LeadForceTalent","https://www.eu-startups.com/directory/leadforcetalent/"
"Artemida Index","https://www.eu-startups.com/directory/artemida-index/"
"ESSA.APP","https://www.eu-startups.com/directory/essa.app"
"Trade Craft","https://www.eu-startups.com/directory/trade-craft/"
"pixie.haus","https://www.eu-startups.com/directory/pixie.haus"
"EVEREST Jakub Łuczak","https://www.eu-startups.com/directory/everest-jakub-luczak/"
"SI Robotics","https://www.eu-startups.com/directory/si-robotics/"
"Zuzia.app","https://www.eu-startups.com/directory/zuzia.app"
"Tech NoCo","https://www.eu-startups.com/directory/tech-noco/"
"(no title)","https://www.eu-startups.com/directory/no-title/"
"Flatcal","https://www.eu-startups.com/directory/flatcal/"
"Headshotly.ai","https://www.eu-startups.com/directory/headshotlyai/"
"Agro Contracts","https://www.eu-startups.com/directory/agro-contracts/"
"Solvee","https://www.eu-startups.com/directory/solvee/"
"Dat1.co","https://www.eu-startups.com/directory/dat1co/"
"PDFBolt","https://www.eu-startups.com/directory/pdfbolt/"
"Advena","https://www.eu-startups.com/directory/advena/"
"Doksly","https://www.eu-startups.com/directory/doksly/"
"Ping AI Task List","https://www.eu-startups.com/directory/ping-ai-task-list/"
"Datar","https://www.eu-startups.com/directory/datar/"
"ZnajdzSklep.pl","https://www.eu-startups.com/directory/znajdzskleppl/"
"Amibudget.app","https://www.eu-startups.com/directory/amibudget.app"
"Onlyfarms","https://www.eu-startups.com/directory/onlyfarms/"
"VeloPlanner","https://www.eu-startups.com/directory/veloplanner/"
"Bluesky Meter","https://www.eu-startups.com/directory/bluesky-meter/"
"powerCRM","https://www.eu-startups.com/directory/powercrm/"
"Nebbl","https://www.eu-startups.com/directory/nebbl/"
"Prezentacja AI","https://www.eu-startups.com/directory/prezentacja-ai/"
"aiselfi.es","https://www.eu-startups.com/directory/aiselfies/"
"FarmCloud","https://www.eu-startups.com/directory/farmcloud/"
"AI Agents List","https://www.eu-startups.com/directory/ai-agents-list/"
"Polskie Sloty","https://www.eu-startups.com/directory/polskie-sloty/"
"Amplink","https://www.eu-startups.com/directory/amplink/"
"Ptah.sh","https://www.eu-startups.com/directory/ptahsh/"
"Droplo","https://www.eu-startups.com/directory/droplo/"
"BetterFeedback.ai","https://www.eu-startups.com/directory/betterfeedbackai/"
"Poland Advisor","https://www.eu-startups.com/directory/poland-advisor/"
"Remoote.app","https://www.eu-startups.com/directory/remoote.app"
"dailystatus","https://www.eu-startups.com/directory/dailystatus/"
"DP Vision","https://www.eu-startups.com/directory/dp-vision/"
"iLMS","https://www.eu-startups.com/directory/ilms/"
"Appshunter.io","https://www.eu-startups.com/directory/appshunterio/"
"Green Wedge","https://www.eu-startups.com/directory/green-wedge/"
"Kerlig AI","https://www.eu-startups.com/directory/kerlig-ai/"
"Kerlig AI","https://www.eu-startups.com/directory/kerlig-ai/"
"YouLinker","https://www.eu-startups.com/directory/youlinker/"
"Serwus Digital","https://www.eu-startups.com/directory/serwus-digital/"
"SafeUtils","https://www.eu-startups.com/directory/safeutils/"
"PARTNER2B","https://www.eu-startups.com/directory/partner2b/"
"Redigo Carbon","https://www.eu-startups.com/directory/redigo-carbon/"
"Maas Loop","https://www.eu-startups.com/directory/maas-loop/"
"TerGo","https://www.eu-startups.com/directory/tergo/"
"TimeFlip","https://www.eu-startups.com/directory/timeflip/"
"TerGo","https://www.eu-startups.com/directory/tergo/"
"VivaDrive","https://www.eu-startups.com/directory/vivadrive/"
"Virbe","https://www.eu-startups.com/directory/virbe/"
"THRsystem","https://www.eu-startups.com/directory/thrsystem/"
"Solwena","https://www.eu-startups.com/directory/solwena/"
"Plan Be Eco","https://www.eu-startups.com/directory/plan-be-eco/"
"Perfect Data","https://www.eu-startups.com/directory/perfect-data/"
"Patient Expert","https://www.eu-startups.com/directory/patient-expert/"
"Listny Cud","https://www.eu-startups.com/directory/listny-cud/"
"FinQbit","https://www.eu-startups.com/directory/finqbit/"
"EcoBean","https://www.eu-startups.com/directory/ecobean/"
"Data Lake","https://www.eu-startups.com/directory/data-lake/"
"BacterOMIC","https://www.eu-startups.com/directory/bacteromic/"
"AgronetPRO","https://www.eu-startups.com/directory/agronetpro/"
"Farada Group","https://www.eu-startups.com/directory/farada-group/"
"MyArchitectAI","https://www.eu-startups.com/directory/myarchitectai/"
"Lenso.ai","https://www.eu-startups.com/directory/lensoai/"
"YouTimeliner","https://www.eu-startups.com/directory/youtimeliner/"
"Holi","https://www.eu-startups.com/directory/holi/"
"Quesma","https://www.eu-startups.com/directory/quesma/"
"Evidose","https://www.eu-startups.com/directory/evidose/"
"LiveKid","https://www.eu-startups.com/directory/livekid/"
"SP Tech Solutions","https://www.eu-startups.com/directory/sp-tech-solutions/"
"ForActive","https://www.eu-startups.com/directory/foractive/"
"WIDMO Spectral Technologies","https://www.eu-startups.com/directory/widmo-spectral-technologies/"
"Vivid Mind","https://www.eu-startups.com/directory/vivid-mind/"
"BioDairy Labs","https://www.eu-startups.com/directory/biodairy-labs/"
"She is Lucid","https://www.eu-startups.com/directory/she-is-lucid/"
"QX","https://www.eu-startups.com/directory/qx/"
"MowaAI","https://www.eu-startups.com/directory/mowaai/"
"Postup","https://www.eu-startups.com/directory/postup/"
"Heilo","https://www.eu-startups.com/directory/heilo/"
"Choicer","https://www.eu-startups.com/directory/choicer/"
"BuyerMind","https://www.eu-startups.com/directory/buyermind/"
"Alvi-Bel Sp. z o.o.","https://www.eu-startups.com/directory/alvi-bel-sp-z-oo/"
"PARTNER2B","https://www.eu-startups.com/directory/partner2b/"
"Matchduty","https://www.eu-startups.com/directory/matchduty/"
"Techinvited","https://www.eu-startups.com/directory/techinvited/"
"Deeplai","https://www.eu-startups.com/directory/deeplai/"
"Crave Digital","https://www.eu-startups.com/directory/crave-digital/"
"KNOCKSY SP. Z O.O.","https://www.eu-startups.com/directory/knocksy-sp-z-oo/"
"leadforce","https://www.eu-startups.com/directory/leadforce/"
"5red sp. z o.o.","https://www.eu-startups.com/directory/5red-sp-z-oo/"
"Maramora, Inc.","https://www.eu-startups.com/directory/maramora-inc/"
"Truck1.es","https://www.eu-startups.com/directory/truck1es/"
"Closer Music","https://www.eu-startups.com/directory/closer-music/"
"Priceman.pl","https://www.eu-startups.com/directory/pricemanpl/"
"PlayerGo","https://www.eu-startups.com/directory/playergo/"
"CMO Index – Fractional CMO Directory","https://www.eu-startups.com/directory/cmo-index-fractional-cmo-directory/"
"Inqud","https://www.eu-startups.com/directory/inqud/"
"TaxInsight","https://www.eu-startups.com/directory/taxinsight/"
"LogoYa","https://www.eu-startups.com/directory/logoya/"
"Riddep","https://www.eu-startups.com/directory/riddep/"
"Linkhouse","https://www.eu-startups.com/directory/linkhouse/"
"Español Chévere","https://www.eu-startups.com/directory/espanol-chevere/"
"ChatWithCloud","https://www.eu-startups.com/directory/chatwithcloud/"
"Health Folder","https://www.eu-startups.com/directory/health-folder/"
"Truck1.sg","https://www.eu-startups.com/directory/truck1sg/"
"Hix","https://www.eu-startups.com/directory/hix/"
"Onemon.io","https://www.eu-startups.com/directory/onemonio/"
"AI Assistant","https://www.eu-startups.com/directory/ai-assistant/"
"Bagstudios","https://www.eu-startups.com/directory/bagstudios/"
"Rayzza","https://www.eu-startups.com/directory/rayzza/"
"Headpix.ai","https://www.eu-startups.com/directory/headpixai/"
"Quantia.ai","https://www.eu-startups.com/directory/quantiaai/"
"Umbrelly Cloud","https://www.eu-startups.com/directory/umbrelly-cloud/"
"NEKLO","https://www.eu-startups.com/directory/neklo/"
"IDO Electronics","https://www.eu-startups.com/directory/ido-electronics/"
"Traveler Map","https://www.eu-startups.com/directory/traveler-map/"
"pipl.ai","https://www.eu-startups.com/directory/pipl-ai-2/"
"CliniNote","https://www.eu-startups.com/directory/clininote/"
"HotLike","https://www.eu-startups.com/directory/hotlike/"
"MAMENO","https://www.eu-startups.com/directory/mameno-menopause-e-doula/"
"European Remote","https://www.eu-startups.com/directory/european-remote/"
"GinaLabs","https://www.eu-startups.com/directory/ginalabs/"
"Tic Tac Toe Free Game","https://www.eu-startups.com/directory/tic-tac-toe-free-game/"
"Louply","https://www.eu-startups.com/directory/louply/"
"Cropler","https://www.eu-startups.com/directory/cropler/"
"Evryface","https://www.eu-startups.com/directory/evryface/"
"Edeau","https://www.eu-startups.com/directory/edeau/"
"Digital Sensor","https://www.eu-startups.com/directory/digital-sensor/"
"Spoonheads","https://www.eu-startups.com/directory/spoonheads/"
"pipl.ai","https://www.eu-startups.com/directory/pipl-ai/"
"TurnUs Studio","https://www.eu-startups.com/directory/turnus-studio/"
"VertiTech","https://www.eu-startups.com/directory/vertitech/"
"Wimba","https://www.eu-startups.com/directory/wimba/"
"Cloud & Berry","https://www.eu-startups.com/directory/cloud-berry/"
"Capability Brown","https://www.eu-startups.com/directory/capability-brown-2/"
"CreateYourQr","https://www.eu-startups.com/directory/createyourqr/"
"CloudTempo","https://www.eu-startups.com/directory/cloudtempo/"
"AtAttic","https://www.eu-startups.com/directory/atattic/"
"AiroMedical","https://www.eu-startups.com/directory/airomedical/"
"Moocapps","https://www.eu-startups.com/directory/moocapps/"
"Constream","https://www.eu-startups.com/directory/constream-www-constream-co/"
"Orangesoft","https://www.eu-startups.com/directory/orangesoft/"
"UXMining","https://www.eu-startups.com/directory/uxmining/"
"UAVLAS","https://www.eu-startups.com/directory/uavlas/"
"Fastep Technology","https://www.eu-startups.com/directory/fastep-technology/"
"DrPlan","https://www.eu-startups.com/directory/drplan/"
"Parsify Technologies","https://www.eu-startups.com/directory/parsify-technologies/"
"TCR App Mobility","https://www.eu-startups.com/directory/tcr-app-mobility/"
"Ollywell","https://www.eu-startups.com/directory/ollywell/"
"nerds.family","https://www.eu-startups.com/directory/nerds-family/"
"Aribo","https://www.eu-startups.com/directory/aribo/"
"Waste24","https://www.eu-startups.com/directory/waste24/"
"Megatech Sourcing","https://www.eu-startups.com/directory/megatech-sourcing/"
"Grupa Oryx","https://www.eu-startups.com/directory/grupa-oryx/"
"NFT Reality","https://www.eu-startups.com/directory/nft-reality/"
"Green Sequest","https://www.eu-startups.com/directory/green-sequest/"
"REV","https://www.eu-startups.com/directory/rev/"
"ScreenCore","https://www.eu-startups.com/directory/screencore/"
"SmartyMeet","https://www.eu-startups.com/directory/smartymeet/"
"Storecloud","https://www.eu-startups.com/directory/storecloud/"
"NiceApps","https://www.eu-startups.com/directory/niceapps/"
"Responsly","https://www.eu-startups.com/directory/responsly/"
"Meteotrack Agro","https://www.eu-startups.com/directory/meteotrack-agro/"
"Skakanka","https://www.eu-startups.com/directory/skakanka/"
"Sportigio","https://www.eu-startups.com/directory/sportigio/"
"Upmedic","https://www.eu-startups.com/directory/upmedic/"
"Beyond","https://www.eu-startups.com/directory/beyond/"
"Approveit","https://www.eu-startups.com/directory/approveit/"
"Remote By Default","https://www.eu-startups.com/directory/remote-by-default/"
"Zendo","https://www.eu-startups.com/directory/zendo/"
"IT For Carbon Footprint Foundation","https://www.eu-startups.com/directory/it-for-carbon-footprint-foundation/"
"Demoboost","https://www.eu-startups.com/directory/demoboost-2/"
"Birdslate","https://www.eu-startups.com/directory/birdslate/"
"IT For Carbon Footprint","https://www.eu-startups.com/directory/it-for-carbon-footprint/"
"Egico","https://www.eu-startups.com/directory/egico/"
"Remmy Skincare App","https://www.eu-startups.com/directory/remmy-skincare-app/"
"Polka","https://www.eu-startups.com/directory/polka/"
"Mindgram","https://www.eu-startups.com/directory/mindgram-2/"
"Human Panel","https://www.eu-startups.com/directory/human-panel/"
"Formation.Fi","https://www.eu-startups.com/directory/formation-fi/"
"ROSOTRAVEL","https://www.eu-startups.com/directory/rosotravel-sp-z-o-o/"
"Trip Office","https://www.eu-startups.com/directory/trip-office/"
"Submatiq","https://www.eu-startups.com/directory/submatiq/"
"Cryptiony R&D","https://www.eu-startups.com/directory/cryptiony-rd-sp-z-o-o/"
"Laven","https://www.eu-startups.com/directory/laven/"
"Foodwiser.ai","https://www.eu-startups.com/directory/foodwiser-ai/"
"EnglishInGames","https://www.eu-startups.com/directory/englishingames/"
"Deor","https://www.eu-startups.com/directory/deor/"
"Challenger Project","https://www.eu-startups.com/directory/challenger-project/"
"Trusted Twin","https://www.eu-startups.com/directory/trusted-twin/"
"Amano","https://www.eu-startups.com/directory/amano/"
"Maabba","https://www.eu-startups.com/directory/maabba/"
"Heroify","https://www.eu-startups.com/directory/heroify/"
"Data Bridge","https://www.eu-startups.com/directory/data-bridge/"
"Talenti","https://www.eu-startups.com/directory/talenti/"
"PhotoAiD","https://www.eu-startups.com/directory/photoaid/"
"Planeat","https://www.eu-startups.com/directory/planeat/"
"CyberQuant","https://www.eu-startups.com/directory/cyberquant/"
"SUPlift","https://www.eu-startups.com/directory/suplift/"
"Swetrix","https://www.eu-startups.com/directory/swetrix/"
"MetaSolid.tech","https://www.eu-startups.com/directory/metasolid-tech/"
"Delivery Couple","https://www.eu-startups.com/directory/delivery-couple/"
"Good Spot Mobile Hotel","https://www.eu-startups.com/directory/good-spot-mobile-hotel/"
"Deskou","https://www.eu-startups.com/directory/deskou/"
"Tech To The Rescue","https://www.eu-startups.com/directory/tech-to-the-rescue/"
"Digital First AI","https://www.eu-startups.com/directory/digital-first-ai/"
"healthUapp","https://www.eu-startups.com/directory/healthuapp/"
"BinderLess","https://www.eu-startups.com/directory/binderless/"
"PICUP","https://www.eu-startups.com/directory/picup/"
"Emaua","https://www.eu-startups.com/directory/emaua/"
"Klinikaofert.pl","https://www.eu-startups.com/directory/klinikaofert-pl-lekarze-oferty-pracy/"
"Talkie.ai","https://www.eu-startups.com/directory/talkie-ai/"
"Modista","https://www.eu-startups.com/directory/modista/"
"VIRIDI GARDEN","https://www.eu-startups.com/directory/viridi-garden-green-wall-for-every-one/"
"Classrool","https://www.eu-startups.com/directory/classrool/"
"GetABoard","https://www.eu-startups.com/directory/getaboard/"
"Foodbandits Tech","https://www.eu-startups.com/directory/foodbandits-tech/"
"Fizen.com","https://www.eu-startups.com/directory/fizen-com/"
"FiberTeam Photonic Solutions","https://www.eu-startups.com/directory/fiberteam-photonic-solutions/"
"Doctor.One","https://www.eu-startups.com/directory/doctor-one/"
"diffrent","https://www.eu-startups.com/directory/diffrent/"
"Demoboost","https://www.eu-startups.com/directory/demoboost/"
"HUGO","https://www.eu-startups.com/directory/hugo/"
"IndieBI","https://www.eu-startups.com/directory/indiebi/"
"OtherTees","https://www.eu-startups.com/directory/othertees/"
"Orbify","https://www.eu-startups.com/directory/orbify/"
"Epinote","https://www.eu-startups.com/directory/epinote/"
"Booste","https://www.eu-startups.com/directory/booste/"
"BECCARII","https://www.eu-startups.com/directory/beccarii/"
"Authologic","https://www.eu-startups.com/directory/authologic/"
"Artplanet","https://www.eu-startups.com/directory/artplanet/"
"Firmbee","https://www.eu-startups.com/directory/firmbee/"
"Addepto","https://www.eu-startups.com/directory/addepto/"
"MediTrip","https://www.eu-startups.com/directory/meditrip/"
"Zowie Inc","https://www.eu-startups.com/directory/zowie-inc/"
"Stagrant","https://www.eu-startups.com/directory/stagrant/"
"Climo","https://www.eu-startups.com/directory/climo/"
"Chatschool","https://www.eu-startups.com/directory/chatschool/"
"Seekstorm Search as a Service","https://www.eu-startups.com/directory/seekstorm-search-as-a-service/"
"Poley.me","https://www.eu-startups.com/directory/poley-me/"
"Orapa","https://www.eu-startups.com/directory/orapa/"
"HearMe","https://www.eu-startups.com/directory/hearme/"
"Linguido","https://www.eu-startups.com/directory/linguido/"
"Kwot.app","https://www.eu-startups.com/directory/kwot-app/"
"Tiber","https://www.eu-startups.com/directory/tiber/"
"Profi protect","https://www.eu-startups.com/directory/profi-protect-sp-z-o-o/"
"appfleet","https://www.eu-startups.com/directory/appfleet/"
"CleanWhale","https://www.eu-startups.com/directory/cleanwhale/"
"LightApply","https://www.eu-startups.com/directory/lightapply/"
"Live.Market","https://www.eu-startups.com/directory/live-market/"
"Localser","https://www.eu-startups.com/directory/localser/"
"Procurimo","https://www.eu-startups.com/directory/procurimo/"
"Move","https://www.eu-startups.com/directory/move/"
"WOW Leads","https://www.eu-startups.com/directory/wow-leads/"
"Privacy Optimization","https://www.eu-startups.com/directory/privacy-optimization/"
"PRmarketing.tools","https://www.eu-startups.com/directory/prmarketing-tools/"
"Questpass","https://www.eu-startups.com/directory/questpass/"
"ReSpo.Vision","https://www.eu-startups.com/directory/respo-vision/"
"Corner App","https://www.eu-startups.com/directory/corner-app/"
"Lawyerd!","https://www.eu-startups.com/directory/lawyerd/"
"MasterMatch.online","https://www.eu-startups.com/directory/mastermatch-onlinea/"
"Influencify","https://www.eu-startups.com/directory/influencify/"
"Her Impact","https://www.eu-startups.com/directory/her-impact/"
"HearMe","https://www.eu-startups.com/directory/hearme-3/"
"NaturalAntibody","https://www.eu-startups.com/directory/naturalantibody/"
"Globe Green Energy","https://www.eu-startups.com/directory/globe-green-energy/"
"GIGLIKE","https://www.eu-startups.com/directory/giglike/"
"Fyrtel","https://www.eu-startups.com/directory/fyrtel/"
"PioLigOn","https://www.eu-startups.com/directory/pioligon/"
"prints.me","https://www.eu-startups.com/directory/prints-me/"
"eGabinet","https://www.eu-startups.com/directory/egabinet/"
"Ecometrixo","https://www.eu-startups.com/directory/ecometrixo/"
"Diagu","https://www.eu-startups.com/directory/diagu/"
"Deepsolver","https://www.eu-startups.com/directory/deepsolver/"
"Satsback.com","https://www.eu-startups.com/directory/satsback-com/"
"Sojo","https://www.eu-startups.com/directory/sojo/"
"Corner Live","https://www.eu-startups.com/directory/corner-live/"
"StreamCards","https://www.eu-startups.com/directory/streamcards/"
"Swapp!","https://www.eu-startups.com/directory/swapp/"
"AR-Generation","https://www.eu-startups.com/directory/ar-generation/"
"GenioPay","https://www.eu-startups.com/directory/geniopay/"
"bobovue","https://www.eu-startups.com/directory/bobovue/"
"AstroTeq.ai","https://www.eu-startups.com/directory/astroteqai/"
"Augmented Vision","https://www.eu-startups.com/directory/augmented-vision/"
"Firmbee","https://www.eu-startups.com/directory/firmbee-2/"
"Omniaz","https://www.eu-startups.com/directory/omniaz/"
"REAKTO","https://www.eu-startups.com/directory/reakto/"
"KiriCore Sustainable Materials","https://www.eu-startups.com/directory/kiricore-sustainable-materials/"
"WEARFITS","https://www.eu-startups.com/directory/wearfits-2/"
"Re_store","https://www.eu-startups.com/directory/re_store/"
"Satsback","https://www.eu-startups.com/directory/satsback/"
"Gridaly","https://www.eu-startups.com/directory/gridaly/"
"Delivry","https://www.eu-startups.com/directory/delivry/"
"Prown","https://www.eu-startups.com/directory/prown/"
"HigoSense","https://www.eu-startups.com/directory/higosense/"
"Flexee","https://www.eu-startups.com/directory/flexee/"
"Envirly","https://www.eu-startups.com/directory/envirly/"
"DBR77","https://www.eu-startups.com/directory/dbr77/"
"Feyenally","https://www.eu-startups.com/directory/feyenally/"
"Gyfted","https://www.eu-startups.com/directory/gyfted/"
"HabitCoach","https://www.eu-startups.com/directory/habitcoach/"
"Ululabs","https://www.eu-startups.com/directory/ululabs/"
"Nanoseen","https://www.eu-startups.com/directory/nanoseen-2/"
"Nibble Games","https://www.eu-startups.com/directory/nibble-games/"
"GamerHash","https://www.eu-startups.com/directory/gamerhash/"
"Nanoseen","https://www.eu-startups.com/directory/nanoseen/"
"Led Digital Ltd.","https://www.eu-startups.com/directory/led-digital-ltd/"
"Kvikk.io","https://www.eu-startups.com/directory/kvikk-io/"
"BudgetBee","https://www.eu-startups.com/directory/budgetbee/"
"GrowUperion","https://www.eu-startups.com/directory/growuperion/"
"Kestrel Areonautics","https://www.eu-startups.com/directory/kestrel-areonautics/"
"TransactionLink","https://www.eu-startups.com/directory/transactionlink/"
"PixelAnt Games","https://www.eu-startups.com/directory/pixelant-games/"
"HiPets","https://www.eu-startups.com/directory/hipets/"
"Help Hero","https://www.eu-startups.com/directory/help-hero/"
"HearMe","https://www.eu-startups.com/directory/hearme-2/"
"Fitly.ai","https://www.eu-startups.com/directory/fitly-ai/"
"FinTrack","https://www.eu-startups.com/directory/fintrack/"
"SmokeD","https://www.eu-startups.com/directory/smoked/"
"Scramjet","https://www.eu-startups.com/directory/scramjet-2/"
"Scramjet","https://www.eu-startups.com/directory/scramjet/"
"Shooters Global","https://www.eu-startups.com/directory/shooters-global/"
"City Robotics","https://www.eu-startups.com/directory/city-robotics/"
"LOISWINE","https://www.eu-startups.com/directory/loiswine/"
"Eleven Puzzles","https://www.eu-startups.com/directory/eleven-puzzles/"
"TribePerk","https://www.eu-startups.com/directory/tribeperk/"
"Syndicai","https://www.eu-startups.com/directory/syndicai/"
"Rimedo Labs","https://www.eu-startups.com/directory/rimedo-labs/"
"Dirask","https://www.eu-startups.com/directory/dirask/"
"Rating Captain","https://www.eu-startups.com/directory/rating-captain/"
"Expenses for Slack","https://www.eu-startups.com/directory/expenses-for-slack/"
"Recostream","https://www.eu-startups.com/directory/recostream/"
"Petgram","https://www.eu-startups.com/directory/petgram/"
"Nekera","https://www.eu-startups.com/directory/nekera/"
"Meetsales","https://www.eu-startups.com/directory/meetsales/"
"Modern Wine Club","https://www.eu-startups.com/directory/modern-wine-club/"
"Microbe Plus","https://www.eu-startups.com/directory/microbe-plus/"
"merXu","https://www.eu-startups.com/directory/merxu/"
"Meely.Ai","https://www.eu-startups.com/directory/meely-ai-2/"
"Meely.Ai","https://www.eu-startups.com/directory/meely-ai/"
"Lively","https://www.eu-startups.com/directory/lively/"
"Husarnet","https://www.eu-startups.com/directory/husarnet/"
"Frontend House","https://www.eu-startups.com/directory/frontend-house/"
"Algopolis.Ai","https://www.eu-startups.com/directory/algopolis-ai/"
"cux.io","https://www.eu-startups.com/directory/cux-io/"
"Tecracoin","https://www.eu-startups.com/directory/tecracoin/"
"Apastrof Platform","https://www.eu-startups.com/directory/apastrof-platform-international-investment-which-fits-your-needs-and-without-surprises/"
"Greenbin","https://www.eu-startups.com/directory/greenbin-sp-z-o-o/"
"inSTREAMLY","https://www.eu-startups.com/directory/instreamly/"
"CodeAlly","https://www.eu-startups.com/directory/codeally/"
"Vyorius","https://www.eu-startups.com/directory/vyorius/"
"Element","https://www.eu-startups.com/directory/element/"
"WEARFITS","https://www.eu-startups.com/directory/wearfits/"
"SmartHotel","https://www.eu-startups.com/directory/smarthotel/"
"Employplan","https://www.eu-startups.com/directory/employplan/"
"XM^ONLINE","https://www.eu-startups.com/directory/xmonline-fast-code-automation-platform/"
"BugBug","https://www.eu-startups.com/directory/bugbug/"
"Jutro Medical","https://www.eu-startups.com/directory/jutro-medical/"
"Positive Prints","https://www.eu-startups.com/directory/positive-prints/"
"Vstorm","https://www.eu-startups.com/directory/vstorm/"
"skycrops","https://www.eu-startups.com/directory/skycrops/"
"KERRIS IT","https://www.eu-startups.com/directory/kerris-it/"
"MakeGrowLab","https://www.eu-startups.com/directory/makegrowlab/"
"Instapay","https://www.eu-startups.com/directory/instapay/"
"Hype Me","https://www.eu-startups.com/directory/hype-me/"
"Microamp","https://www.eu-startups.com/directory/microamp-solutions/"
"Modsly","https://www.eu-startups.com/directory/modsly/"
"mTap Smart City","https://www.eu-startups.com/directory/mtap-smart-city/"
"Nextgrid","https://www.eu-startups.com/directory/nextgrid/"
"Nex.D","https://www.eu-startups.com/directory/nex-d/"
"GGPredict","https://www.eu-startups.com/directory/ggpredict/"
"Gepetto","https://www.eu-startups.com/directory/gepetto/"
"Formly","https://www.eu-startups.com/directory/formly-2/"
"Foodsi","https://www.eu-startups.com/directory/foodsi/"
"FitMech","https://www.eu-startups.com/directory/fitmech/"
"PayEye","https://www.eu-startups.com/directory/payeye/"
"FCapp","https://www.eu-startups.com/directory/fcapp/"
"PixBlocks","https://www.eu-startups.com/directory/pixblocks/"
"ESPORTSLAB","https://www.eu-startups.com/directory/esportslab/"
"EKOBILET","https://www.eu-startups.com/directory/ekobilet/"
"Quickstreamâ„¢","https://www.eu-startups.com/directory/quickstreama%c2%a2/"
"REDD Real Estate Digital Data","https://www.eu-startups.com/directory/redd-real-estate-digital-data/"
"Rezuro","https://www.eu-startups.com/directory/rezuro/"
"Robotec.AI","https://www.eu-startups.com/directory/robotec-ai/"
"Safebox24","https://www.eu-startups.com/directory/safebox24/"
"DAC – Dynamic Air Cooling","https://www.eu-startups.com/directory/dac-dynamic-air-cooling/"
"Creabl.com","https://www.eu-startups.com/directory/creabl-com/"
"Cloud Partners","https://www.eu-startups.com/directory/cloud-partners/"
"The Village Network","https://www.eu-startups.com/directory/the-village-network/"
"Carberry","https://www.eu-startups.com/directory/carberry/"
"Therapify","https://www.eu-startups.com/directory/therapify/"
"BioCam","https://www.eu-startups.com/directory/biocam/"
"Trasee","https://www.eu-startups.com/directory/trasee/"
"Babbler Ads","https://www.eu-startups.com/directory/babbler-ads/"
"ARAHUB","https://www.eu-startups.com/directory/arahub/"
"andcards","https://www.eu-startups.com/directory/andcards/"
"AIQA Technologies","https://www.eu-startups.com/directory/aiqa-technologies/"
"3D Bistro","https://www.eu-startups.com/directory/3d-bistro/"
"ScanRepeat","https://www.eu-startups.com/directory/scanrepeat/"
"PeopleForce","https://www.eu-startups.com/directory/peopleforce/"
"FairTrain","https://www.eu-startups.com/directory/fairtrain/"
"BangProof","https://www.eu-startups.com/directory/bangproof/"
"Waterful","https://www.eu-startups.com/directory/waterful/"
"VR-Learning","https://www.eu-startups.com/directory/vr-learning/"
"VMERSIVE","https://www.eu-startups.com/directory/vmersive/"
"DoxyChain","https://www.eu-startups.com/directory/doxychain/"
"Gekko Photonics","https://www.eu-startups.com/directory/gekko-photonics/"
"Cities AI","https://www.eu-startups.com/directory/cities-ai/"
"LiveSession","https://www.eu-startups.com/directory/livesession/"
"Pulno","https://www.eu-startups.com/directory/pulno/"
"Remocoders","https://www.eu-startups.com/directory/remocoders/"
"Annvi","https://www.eu-startups.com/directory/annvi/"
"ecosavers club","https://www.eu-startups.com/directory/ecosavers-club-2/"
"Claro","https://www.eu-startups.com/directory/claro/"
"Wanda Maps","https://www.eu-startups.com/directory/wanda-maps-2/"
"Scan and Buy","https://www.eu-startups.com/directory/scan-and-buy-2/"
"Runvido","https://www.eu-startups.com/directory/runvido-2/"
"AIDA Diagnostics","https://www.eu-startups.com/directory/aida-diagnostics/"
"Sequre Quantum","https://www.eu-startups.com/directory/sequre-quantum/"
"Wisdy","https://www.eu-startups.com/directory/wisdy/"
"Nutritionista","https://www.eu-startups.com/directory/nutritionista/"
"Ulica Srebrna","https://www.eu-startups.com/directory/ulica-srebrna/"
"Zonifero","https://www.eu-startups.com/directory/zonifero/"
"Verdeat","https://www.eu-startups.com/directory/verdeat/"
"Dynobase","https://www.eu-startups.com/directory/dynobase/"
"Hustro – Construction Oversight System","https://www.eu-startups.com/directory/hustro-construction-oversight-system/"
"Saleor Commerce","https://www.eu-startups.com/directory/saleor-commerce/"
"Mobilis Robotics","https://www.eu-startups.com/directory/mobilis-robotics/"
"Zareklamy","https://www.eu-startups.com/directory/zareklamy/"
"HRnest","https://www.eu-startups.com/directory/hrnest/"
"CV HOST","https://www.eu-startups.com/directory/cv-host/"
"Clash of Stars","https://www.eu-startups.com/directory/clash-of-stars/"
"Shuffle Editor","https://www.eu-startups.com/directory/shuffle-editor/"
"Venturis HoReCa","https://www.eu-startups.com/directory/venturis-horeca/"
"Passport Photo Online","https://www.eu-startups.com/directory/passport-photo-online/"
"FastServe","https://www.eu-startups.com/directory/fastserve/"
"Coded","https://www.eu-startups.com/directory/coded/"
"SonarHome","https://www.eu-startups.com/directory/sonarhome/"
"Develocraft","https://www.eu-startups.com/directory/develocraft/"
"Open Loyalty","https://www.eu-startups.com/directory/open-loyalty/"
"Nomi Biotech","https://www.eu-startups.com/directory/nomi-biotech/"
"Vodeno","https://www.eu-startups.com/directory/vodeno/"
"ProperGate","https://www.eu-startups.com/directory/propergate/"
"MintMe.com COIN","https://www.eu-startups.com/directory/mintme-com-coin/"
"Kenro Group","https://www.eu-startups.com/directory/kenro-group/"
"LT Capital","https://www.eu-startups.com/directory/lt-capital/"
"Nomi Biotech Corporation","https://www.eu-startups.com/directory/nomi-biotech-corporation/"
"Getaway International","https://www.eu-startups.com/directory/getaway-international/"
"Fively","https://www.eu-startups.com/directory/fively/"
"Falcon V Systems","https://www.eu-startups.com/directory/falcon-v-systems/"
"Pomerangels ASI","https://www.eu-startups.com/directory/pomerangels-asi/"
"Ergonode","https://www.eu-startups.com/directory/ergonode/"
"Cardinal Cryptography","https://www.eu-startups.com/directory/cardinal-cryptography/"
"Black Swan","https://www.eu-startups.com/directory/black-swan-2/"
"Timeqube","https://www.eu-startups.com/directory/timeqube/"
"TOKENEO","https://www.eu-startups.com/directory/tokeneo/"
"ViralStat","https://www.eu-startups.com/directory/viralstat/"
"visadb.io","https://www.eu-startups.com/directory/visadb-io/"
"Alogic","https://www.eu-startups.com/directory/alogic/"
"Advisero","https://www.eu-startups.com/directory/advisero/"
"xpress delivery","https://www.eu-startups.com/directory/xpress-delivery/"
"3D Motion Controls","https://www.eu-startups.com/directory/3d-motion-controls/"
"ZeroQs","https://www.eu-startups.com/directory/zeroqs/"
"Terrabio","https://www.eu-startups.com/directory/terrabio/"
"4Semantics","https://www.eu-startups.com/directory/4semantics/"
"Cypherdog Security","https://www.eu-startups.com/directory/cypherdog-security-inc/"
"Plenti","https://www.eu-startups.com/directory/plenti/"
"QA TRIBE","https://www.eu-startups.com/directory/qa-tribe/"
"Hivecode.io","https://www.eu-startups.com/directory/hivecode-io-software-protection-solutions/"
"DUER.PL","https://www.eu-startups.com/directory/duer-pl/"
"Roombelt","https://www.eu-startups.com/directory/roombelt/"
"WANDA","https://www.eu-startups.com/directory/wanda/"
"Asset Well","https://www.eu-startups.com/directory/asset-well/"
"Inksearch.co","https://www.eu-startups.com/directory/inksearch-co-booking-platform-for-tattoo-lovers-2/"
"Svexa","https://www.eu-startups.com/directory/svexa/"
"Facemetrics","https://www.eu-startups.com/directory/facemetrics/"
"SCFO Supply Chain Finance Optimization","https://www.eu-startups.com/directory/scfo-supply-chain-finance-optimization/"
"Datantify","https://www.eu-startups.com/directory/datantify-2/"
"Pethelp","https://www.eu-startups.com/directory/pethelp/"
"Cashap","https://www.eu-startups.com/directory/cashap/"
"DataInvision","https://www.eu-startups.com/directory/datainvision/"
"Intelligent Hives","https://www.eu-startups.com/directory/intelligent-hives-2/"
"MNM Diagnostics","https://www.eu-startups.com/directory/mnm-diagnostics/"
"Talent Alpha","https://www.eu-startups.com/directory/talent-alpha/"
"GeneMe","https://www.eu-startups.com/directory/geneme/"
"Sundose","https://www.eu-startups.com/directory/sundose/"
"Ninja Lender","https://www.eu-startups.com/directory/ninja-lender/"
"Secfense","https://www.eu-startups.com/directory/secfense/"
"Askep","https://www.eu-startups.com/directory/askep/"
"5 WALLS","https://www.eu-startups.com/directory/5-walls/"
"Scootapi.com","https://www.eu-startups.com/directory/scootapi-com/"
"Quantee","https://www.eu-startups.com/directory/quantee/"
"coinpaprika","https://www.eu-startups.com/directory/coinpaprika/"
"AI BUSTERS","https://www.eu-startups.com/directory/ai-busters/"
"Aether Biomedical","https://www.eu-startups.com/directory/aether-biomedical/"
"TrustMate","https://www.eu-startups.com/directory/trustmate/"
"SGPR.TECH","https://www.eu-startups.com/directory/sgpr-tech/"
"Optimatik","https://www.eu-startups.com/directory/optimatik/"
"Eir Health","https://www.eu-startups.com/directory/eir-health/"
"Kogena","https://www.eu-startups.com/directory/kogena/"
"cthings.co","https://www.eu-startups.com/directory/cthings-co/"
"ICSEC","https://www.eu-startups.com/directory/icsec/"
"Real Research","https://www.eu-startups.com/directory/real-research/"
"Hyper Poland","https://www.eu-startups.com/directory/hyper-poland/"
"ProofCafe","https://www.eu-startups.com/directory/proofcafe/"
"tomHRM","https://www.eu-startups.com/directory/tomhrm/"
"Cardiomatics","https://www.eu-startups.com/directory/cardiomatics/"
"MineBest","https://www.eu-startups.com/directory/minebest/"
"Vrenetic","https://www.eu-startups.com/directory/vrenetic/"
"Jane Safety Route","https://www.eu-startups.com/directory/jane-safety-route/"
"CancerCenter.ai","https://www.eu-startups.com/directory/cancercenter-ai/"
"Turbine","https://www.eu-startups.com/directory/turbine/"
"Newspoint","https://www.eu-startups.com/directory/newspoint/"
"Messor","https://www.eu-startups.com/directory/electric-utility-vehicle-for-urban-and-suburban-operations/"
"ThermoEye","https://www.eu-startups.com/directory/thermoeye/"
"Nais","https://www.eu-startups.com/directory/nais/"
"NeuroGames","https://www.eu-startups.com/directory/neurogames/"
"Sensei","https://www.eu-startups.com/directory/sensei/"
"ACR Systems","https://www.eu-startups.com/directory/acr-systems/"
"RocketLink","https://www.eu-startups.com/directory/rocketlink/"
"LingRoom","https://www.eu-startups.com/directory/lingroom/"
"WDTech","https://www.eu-startups.com/directory/wdtech/"
"HandyShower","https://www.eu-startups.com/directory/handyshower-sp-z-o-o/"
"tagtog","https://www.eu-startups.com/directory/tagtog/"
"DirectHotels.com","https://www.eu-startups.com/directory/directhotels-com/"
"SmartWays","https://www.eu-startups.com/directory/smartways/"
"Neptune.ai","https://www.eu-startups.com/directory/neptune-ai/"
"Smart Faktor","https://www.eu-startups.com/directory/smart-faktor/"
"Captor Therapeutics","https://www.eu-startups.com/directory/captor-therapeutics/"
"Digital Fingerprints","https://www.eu-startups.com/directory/digital-fingerprints/"
"TakeTask","https://www.eu-startups.com/directory/taketask/"
"Tap2Pay","https://www.eu-startups.com/directory/tap2pay-3/"
"ONSTAGE","https://www.eu-startups.com/directory/onstage/"
"Novakid","https://www.eu-startups.com/directory/novakid/"
"Nomagic","https://www.eu-startups.com/directory/nomagic/"
"Ramp","https://www.eu-startups.com/directory/ramp/"
"Dzinga","https://www.eu-startups.com/directory/dzinga/"
"ExChord","https://www.eu-startups.com/directory/exchord/"
"Spoko","https://www.eu-startups.com/directory/spoko/"
"Nevomo","https://www.eu-startups.com/directory/nevomo/"
"Vue Storefront","https://www.eu-startups.com/directory/vue-storefront/"
"Solution4Labs","https://www.eu-startups.com/directory/solution4labs/"
"MasterBorn","https://www.eu-startups.com/directory/masterborn/"
"Genomtec","https://www.eu-startups.com/directory/genomtec/"
"4NatureSystem","https://www.eu-startups.com/directory/4naturesystem/"
"Nethone","https://www.eu-startups.com/directory/nethone/"
"RemmedVR","https://www.eu-startups.com/directory/remmedvr/"
"Dimpact","https://www.eu-startups.com/directory/dimpact-sp-z-o-o/"
"FindAir","https://www.eu-startups.com/directory/findair/"
"Fitqbe","https://www.eu-startups.com/directory/fitqbe-sp-z-o-o/"
"Omnipack","https://www.eu-startups.com/directory/omnipack/"
"Medical Simulation Technologies","https://www.eu-startups.com/directory/medical-simulation-technologies/"
"Fandla","https://www.eu-startups.com/directory/fandla/"
"SatRevolution","https://www.eu-startups.com/directory/satrevolution/"
"givt.com","https://www.eu-startups.com/directory/givt-com/"
"EMYS","https://www.eu-startups.com/directory/emys/"
"Wooldog","https://www.eu-startups.com/directory/wooldog/"
"Clinic Hunter","https://www.eu-startups.com/directory/clinic-hunter/"
"HCM Deck","https://www.eu-startups.com/directory/hcm-deck/"
"Blinkee","https://www.eu-startups.com/directory/blinkee/"
"Hotailors","https://www.eu-startups.com/directory/hotailors/"
"NoSpoilers","https://www.eu-startups.com/directory/nospoilers/"
"MLJAR","https://www.eu-startups.com/directory/mljar/"
"Golem Factory","https://www.eu-startups.com/directory/golem-factory/"
"Surge Cloud","https://www.eu-startups.com/directory/surge-cloud/"
"Sugester","https://www.eu-startups.com/directory/sugester/"
"Templarket","https://www.eu-startups.com/directory/templarket-business-templates-marketplace/"
"cloudevs","https://www.eu-startups.com/directory/cloudevs/"
"Velmundi","https://www.eu-startups.com/directory/velmundi/"
"Portal MMO","https://www.eu-startups.com/directory/portal-mmo/"
"Printelize.com","https://www.eu-startups.com/directory/printelize-com/"
"Faralong.com","https://www.eu-startups.com/directory/faralong-com/"
"Princity","https://www.eu-startups.com/directory/princity/"
"Tagvenue","https://www.eu-startups.com/directory/tagvenue-2/"
"BOWWE Business Builder","https://www.eu-startups.com/directory/bowwe-business-builder/"
"SaaS Genius","https://www.eu-startups.com/directory/saas-genius/"
"Portal MMO","https://www.eu-startups.com/directory/portal-mmo-2/"
"Zolmi Salon Software","https://www.eu-startups.com/directory/zolmi-salon-software/"
"Love The Dress","https://www.eu-startups.com/directory/love-the-dress/"
"Techugo","https://www.eu-startups.com/directory/techugo-2/"
"Software Development Academy","https://www.eu-startups.com/directory/software-development-academy/"
"XTPL","https://www.eu-startups.com/directory/xtpl/"
"Packhelp","https://www.eu-startups.com/directory/packhelp/"
"InStream","https://www.eu-startups.com/directory/instream/"
"Elmodis","https://www.eu-startups.com/directory/elmodis/"
"Cosmose Inc","https://www.eu-startups.com/directory/cosmose-inc/"
"Tagvenue","https://www.eu-startups.com/directory/tagvenue/"
"Indoorway","https://www.eu-startups.com/directory/indoorway/"
"Fluentbe","https://www.eu-startups.com/directory/fluentbe/"
"Lovely","https://www.eu-startups.com/directory/lovely/"
"StethoMe","https://www.eu-startups.com/directory/stethome/"
"Startup development House","https://www.eu-startups.com/directory/startup-development-house/"
"Valuto","https://www.eu-startups.com/directory/valuto/"
"Photon","https://www.eu-startups.com/directory/photon/"
"MythicOwl","https://www.eu-startups.com/directory/mythicowl/"
"Five App","https://www.eu-startups.com/directory/five-app/"
"CallPage","https://www.eu-startups.com/directory/callpage-2/"
"RiftCat","https://www.eu-startups.com/directory/riftcat/"
"Justtag","https://www.eu-startups.com/directory/justtag/"
"DLabs.AI","https://www.eu-startups.com/directory/dlabs-ai/"
"Senuto","https://www.eu-startups.com/directory/senuto/"
"Skriware","https://www.eu-startups.com/directory/skriware-2/"
"Aserto","https://www.eu-startups.com/directory/aserto-sp-z-o-o-sp-k/"
"SoftwareHut","https://www.eu-startups.com/directory/softwarehut/"
"LiveCall","https://www.eu-startups.com/directory/livecall/"
"Huayra","https://www.eu-startups.com/directory/huayra-safe-multiple-cloud-manager/"
"Sporticos","https://www.eu-startups.com/directory/sporticos/"
"Nsflow","https://www.eu-startups.com/directory/nsflow/"
"edrone","https://www.eu-startups.com/directory/edrone/"
"Dronehub","https://www.eu-startups.com/directory/dronehub/"
"Enelion","https://www.eu-startups.com/directory/enelion/"
"User.com","https://www.eu-startups.com/directory/user-com/"
"Senuto","https://www.eu-startups.com/directory/senuto-2/"
"Olympus Sky","https://www.eu-startups.com/directory/olympus-sky/"
"SmartLunch","https://www.eu-startups.com/directory/smartlunch-sp-z-o-o/"
"Blue Dot Solutiojns","https://www.eu-startups.com/directory/blue-dot-solutiojns/"
"Hubeo.com","https://www.eu-startups.com/directory/hubeo-com/"
"Uptowork","https://www.eu-startups.com/directory/uptowork/"
"Formsfield","https://www.eu-startups.com/directory/formsfield/"
"fb-ninja","https://www.eu-startups.com/directory/fb-ninja/"
"Calamari","https://www.eu-startups.com/directory/calamari/"
"SOFT EDGE","https://www.eu-startups.com/directory/soft-edge-sp-z-o-o/"
"Tylko","https://www.eu-startups.com/directory/tylko/"
"AioCare","https://www.eu-startups.com/directory/aiocare/"
"iPOS","https://www.eu-startups.com/directory/ipos/"
"Torqway","https://www.eu-startups.com/directory/torqway-ltd/"
"TEXT2DATA.COM","https://www.eu-startups.com/directory/text2data-com/"
"SDK.finance","https://www.eu-startups.com/directory/sdk-finance-2/"
"CrazyCall","https://www.eu-startups.com/directory/crazycall/"
"eSolidar","https://www.eu-startups.com/directory/esolidar/"
"No Fluff Jobs","https://www.eu-startups.com/directory/no-fluff-jobs/"
"Equishop","https://www.eu-startups.com/directory/equishop/"
"Cosmose","https://www.eu-startups.com/directory/cosmose/"
"Seven Spots","https://www.eu-startups.com/directory/seven-spots/"
"Flowbox","https://www.eu-startups.com/directory/flowbox-3/"
"Tookapic","https://www.eu-startups.com/directory/tookapic/"
"4screens","https://www.eu-startups.com/directory/4screens/"
"Vintom | We make video personal","https://www.eu-startups.com/directory/vintom-we-make-video-personal/"
"Blue Dot Solutions","https://www.eu-startups.com/directory/blue-dot-solutions/"
"SiDLY","https://www.eu-startups.com/directory/sidly/"
"Sinterit","https://www.eu-startups.com/directory/sinterit/"
"NUADU","https://www.eu-startups.com/directory/nuadu/"
"Nestmedic","https://www.eu-startups.com/directory/nestmedic/"
"Farmer Direct","https://www.eu-startups.com/directory/farmer-direct/"
"NapiFeryn BioTech","https://www.eu-startups.com/directory/napiferyn-biotech/"
"ReliaSol","https://www.eu-startups.com/directory/reliasol/"
"Saule Technologies","https://www.eu-startups.com/directory/saule-technologies/"
"Whisbear","https://www.eu-startups.com/directory/whisbear/"
"Ideamotive","https://www.eu-startups.com/directory/ideamotive/"
"Hashi-Tashi","https://www.eu-startups.com/directory/hashi-tashi/"
"LogicLike","https://www.eu-startups.com/directory/logiclike/"
"Privatoria","https://www.eu-startups.com/directory/privatoria/"
"Social WiFi","https://www.eu-startups.com/directory/social-wifi/"
"Legal Networks","https://www.eu-startups.com/directory/legal-networks-sp-z-o-o/"
"WhitePress Content Marketing","https://www.eu-startups.com/directory/whitepress-content-marketing/"
"CivilHub","https://www.eu-startups.com/directory/civilhub/"
"Emplocity","https://www.eu-startups.com/directory/emplocity/"
"Myloview","https://www.eu-startups.com/directory/myloview/"
"ins2outs","https://www.eu-startups.com/directory/ins2outs/"
"AirHelp","https://www.eu-startups.com/directory/airhelp/"
"GoTechnologies.pl","https://www.eu-startups.com/directory/gotechnologies-pl/"
"yourbrowser.is","https://www.eu-startups.com/directory/yourbrowser-is/"
"DevSkiller","https://www.eu-startups.com/directory/devskiller/"
"Catvertiser","https://www.eu-startups.com/directory/catvertiser/"
"Datarino","https://www.eu-startups.com/directory/datarino/"
"AudioTrip","https://www.eu-startups.com/directory/audiotrip/"
"Kontakt.io","https://www.eu-startups.com/directory/kontakt-io/"
"Survicate","https://www.eu-startups.com/directory/survicate/"
"Useme","https://www.eu-startups.com/directory/useme/"
"JobBaloon.com","https://www.eu-startups.com/directory/jobbaloon-com/"
"SEOKitten","https://www.eu-startups.com/directory/seokitten/"
"ElimiDate","https://www.eu-startups.com/directory/elimidate/"
"Comopsly","https://www.eu-startups.com/directory/comopsly/"
"NACVIEW","https://www.eu-startups.com/directory/nacview/"
"Carento","https://www.eu-startups.com/directory/carento/"
"AppsBow","https://www.eu-startups.com/directory/appsbow/"
"Infermedica","https://www.eu-startups.com/directory/infermedica/"
"Subscrea","https://www.eu-startups.com/directory/subscrea/"
"Konfeo","https://www.eu-startups.com/directory/konfeo/"
"BETEGY","https://www.eu-startups.com/directory/betegy-sp-z-o-o-2/"
"itemz","https://www.eu-startups.com/directory/itemz/"
"SHOWROOM","https://www.eu-startups.com/directory/showroom/"
"App’n’roll","https://www.eu-startups.com/directory/appnroll/"
"Dealavo","https://www.eu-startups.com/directory/dealavo/"
"Colibri IO","https://www.eu-startups.com/directory/colibri-io/"
"RTB House","https://www.eu-startups.com/directory/rtb-house/"
"Helprace","https://www.eu-startups.com/directory/helprace/"
"Orangesoft","https://www.eu-startups.com/directory/orangesoft-2/"
"DocPlanner","https://www.eu-startups.com/directory/docplanner/"
"Concise Software","https://www.eu-startups.com/directory/concise-software-2/"
"Filmaster","https://www.eu-startups.com/directory/filmaster/"
"Logicify","https://www.eu-startups.com/directory/logicify/"
"Pure Biologics","https://www.eu-startups.com/directory/pure-biologics/"
"Perfect Gym","https://www.eu-startups.com/directory/perfect-gym/"
"UXPin","https://www.eu-startups.com/directory/uxpin/"
"Samelane","https://www.eu-startups.com/directory/samelane/"
"NeuroSYS","https://www.eu-startups.com/directory/neurosys/"
"KanbanTool","https://www.eu-startups.com/directory/kanbantool/"
"GitProtect.io","https://www.eu-startups.com/directory/gitprotect-io/"
"Brainly","https://www.eu-startups.com/directory/brainly/"
"MatchOffice Polska","https://www.eu-startups.com/directory/matchoffice-polska/"
"Super Monitoring","https://www.eu-startups.com/directory/super-monitoring/"
"Competence Solutions","https://www.eu-startups.com/directory/competence-solutions/"